{
  "Tamb": 20,
  "Knewton": 0.0032919554708824247,
  "Kheating": 2.797016322994016,
  "KnewtonFan": 0.004430594617326244,
  "KheatingFan": 2.89907717466952
}